Iterative BFS,adjlist,9163->1815,122,9418,1.02361,121,0
Recursive BFS,adjlist,9163->1815,122,9418,1.12345,121,0
Iterative DFS,adjlist,9163->1815,2538,5946,0.542031,2537,0
Recursive DFS,adjlist,9163->1815,2538,5946,0.556804,2537,0
Dijkstra,adjlist,9163->1815,130,9287,1.3641,129,33.542
A* (A star),adjlist,9163->1815,122,122,0.00420571,121,56.715
Iterative BFS,adjmatrix,9163->1815,122,9430,2.33725,121,0
Recursive BFS,adjmatrix,9163->1815,122,9430,1.72839,121,0
Iterative DFS,adjmatrix,9163->1815,4240,5918,2.51008,4239,0
Recursive DFS,adjmatrix,9163->1815,4240,5918,2.49731,4239,0
Dijkstra,adjmatrix,9163->1815,130,9287,2.59026,129,33.542
A* (A star),adjmatrix,9163->1815,122,122,0.0174602,121,56.715
Iterative BFS,adjlist,1075->8241,107,8285,0.779364,106,0
Recursive BFS,adjlist,1075->8241,107,8285,0.826441,106,0
Iterative DFS,adjlist,1075->8241,1749,4038,0.253627,1748,0
Recursive DFS,adjlist,1075->8241,1749,4038,0.254622,1748,0
Dijkstra,adjlist,1075->8241,111,8390,1.3283,110,32.592
A* (A star),adjlist,1075->8241,107,107,0.00415894,106,51.122
Iterative BFS,adjmatrix,1075->8241,107,8285,2.23862,106,0
Recursive BFS,adjmatrix,1075->8241,107,8285,2.17786,106,0
Iterative DFS,adjmatrix,1075->8241,1945,8077,3.52931,1944,0
Recursive DFS,adjmatrix,1075->8241,1945,8077,3.47698,1944,0
Dijkstra,adjmatrix,1075->8241,111,8390,2.56682,110,32.592
A* (A star),adjmatrix,1075->8241,107,107,0.0163716,106,51.122
Iterative BFS,adjlist,3898->8773,75,5056,0.183649,74,0
Recursive BFS,adjlist,3898->8773,75,5056,0.194577,74,0
Iterative DFS,adjlist,3898->8773,1343,8627,2.25973,1342,0
Recursive DFS,adjlist,3898->8773,1343,8627,2.31747,1342,0
Dijkstra,adjlist,3898->8773,77,3877,0.261971,76,18.854
A* (A star),adjlist,3898->8773,75,75,0.00271942,74,33.118
Iterative BFS,adjmatrix,3898->8773,75,5056,1.07809,74,0
Recursive BFS,adjmatrix,3898->8773,75,5056,1.02683,74,0
Iterative DFS,adjmatrix,3898->8773,787,787,0.158243,786,0
Recursive DFS,adjmatrix,3898->8773,787,787,0.119818,786,0
Dijkstra,adjmatrix,3898->8773,77,3877,0.746072,76,18.854
A* (A star),adjmatrix,3898->8773,75,75,0.0117637,74,33.118
Iterative BFS,adjlist,3667->4647,31,1761,0.0309981,30,0
Recursive BFS,adjlist,3667->4647,31,1761,0.0318363,30,0
Iterative DFS,adjlist,3667->4647,1097,4160,0.276678,1096,0
Recursive DFS,adjlist,3667->4647,1097,4160,0.285929,1096,0
Dijkstra,adjlist,3667->4647,31,2010,0.0576254,30,10.49
A* (A star),adjlist,3667->4647,31,31,0.00169961,30,15.179
Iterative BFS,adjmatrix,3667->4647,31,1811,0.26319,30,0
Recursive BFS,adjmatrix,3667->4647,31,1811,0.260849,30,0
Iterative DFS,adjmatrix,3667->4647,2939,7120,3.04656,2938,0
Recursive DFS,adjmatrix,3667->4647,2939,7120,2.94733,2938,0
Dijkstra,adjmatrix,3667->4647,31,2010,0.398186,30,10.49
A* (A star),adjmatrix,3667->4647,31,31,0.00642916,30,15.179
Iterative BFS,adjlist,5227->5869,49,4136,0.28636,48,0
Recursive BFS,adjlist,5227->5869,49,4136,0.311222,48,0
Iterative DFS,adjlist,5227->5869,2133,2133,0.282001,2132,0
Recursive DFS,adjlist,5227->5869,2133,2133,0.284807,2132,0
Dijkstra,adjlist,5227->5869,57,4753,0.458209,56,16.88
A* (A star),adjlist,5227->5869,49,49,0.00306618,48,23.02
Iterative BFS,adjmatrix,5227->5869,49,4179,0.969469,48,0
Recursive BFS,adjmatrix,5227->5869,49,4179,0.911874,48,0
Iterative DFS,adjmatrix,5227->5869,1551,8444,3.79263,1550,0
Recursive DFS,adjmatrix,5227->5869,1551,8444,3.44445,1550,0
Dijkstra,adjmatrix,5227->5869,57,4753,1.03331,56,16.88
A* (A star),adjmatrix,5227->5869,49,49,0.00836242,48,23.02
Iterative BFS,adjlist,9081->9782,9,142,0.00128846,8,0
Recursive BFS,adjlist,9081->9782,9,142,0.00131102,8,0
Iterative DFS,adjlist,9081->9782,191,9715,1.62638,190,0
Recursive DFS,adjlist,9081->9782,191,9715,1.68628,190,0
Dijkstra,adjlist,9081->9782,9,146,0.00385342,8,2.819
A* (A star),adjlist,9081->9782,9,9,0.00117967,8,4.65
Iterative BFS,adjmatrix,9081->9782,9,144,0.0213947,8,0
Recursive BFS,adjmatrix,9081->9782,9,144,0.01754,8,0
Iterative DFS,adjmatrix,9081->9782,9,9984,3.67505,8,0
Recursive DFS,adjmatrix,9081->9782,9,9984,3.6486,8,0
Dijkstra,adjmatrix,9081->9782,9,146,0.0252075,8,2.819
A* (A star),adjmatrix,9081->9782,9,9,0.00237191,8,4.65
Iterative BFS,adjlist,9619->9698,80,4715,0.289406,79,0
Recursive BFS,adjlist,9619->9698,80,4715,0.313273,79,0
Iterative DFS,adjlist,9619->9698,4034,4240,0.869428,4033,0
Recursive DFS,adjlist,9619->9698,4034,4240,0.912036,4033,0
Dijkstra,adjlist,9619->9698,108,6738,0.762003,107,30.11
A* (A star),adjlist,9619->9698,80,80,0.0032873,79,40.847
Iterative BFS,adjmatrix,9619->9698,80,4794,0.830232,79,0
Recursive BFS,adjmatrix,9619->9698,80,4794,0.812913,79,0
Iterative DFS,adjmatrix,9619->9698,90,9911,3.69714,89,0
Recursive DFS,adjmatrix,9619->9698,90,9911,3.71578,89,0
Dijkstra,adjmatrix,9619->9698,108,6738,1.49069,107,30.11
A* (A star),adjmatrix,9619->9698,80,80,0.0122865,79,40.847
Iterative BFS,adjlist,3774->2426,62,5663,0.347112,61,0
Recursive BFS,adjlist,3774->2426,62,5663,0.374394,61,0
Iterative DFS,adjlist,3774->2426,2490,4852,0.464609,2489,0
Recursive DFS,adjlist,3774->2426,2490,4852,0.45959,2489,0
Dijkstra,adjlist,3774->2426,66,5366,0.511256,65,18.53
A* (A star),adjlist,3774->2426,62,62,0.00279815,61,30.704
Iterative BFS,adjmatrix,3774->2426,62,5664,1.23286,61,0
Recursive BFS,adjmatrix,3774->2426,62,5664,1.21187,61,0
Iterative DFS,adjmatrix,3774->2426,3836,6279,2.70329,3835,0
Recursive DFS,adjmatrix,3774->2426,3836,6279,2.62849,3835,0
Dijkstra,adjmatrix,3774->2426,66,5366,1.19306,65,18.53
A* (A star),adjmatrix,3774->2426,62,62,0.0100016,61,30.704
Iterative BFS,adjlist,8141->9918,42,2832,0.0772229,41,0
Recursive BFS,adjlist,8141->9918,42,2832,0.0795721,41,0
Iterative DFS,adjlist,8141->9918,1198,8714,1.21252,1197,0
Recursive DFS,adjlist,8141->9918,1198,8714,1.202,1197,0
Dijkstra,adjlist,8141->9918,42,2255,0.0736534,41,11.281
A* (A star),adjlist,8141->9918,42,42,0.00185053,41,14.105
Iterative BFS,adjmatrix,8141->9918,42,2896,0.441241,41,0
Recursive BFS,adjmatrix,8141->9918,42,2896,0.447993,41,0
Iterative DFS,adjmatrix,8141->9918,656,656,0.0971483,655,0
Recursive DFS,adjmatrix,8141->9918,656,656,0.0950936,655,0
Dijkstra,adjmatrix,8141->9918,42,2255,0.342354,41,11.281
A* (A star),adjmatrix,8141->9918,42,42,0.00654254,41,14.105
Iterative BFS,adjlist,6721->9851,62,5047,0.339882,61,0
Recursive BFS,adjlist,6721->9851,62,5047,0.359162,61,0
Iterative DFS,adjlist,6721->9851,1582,1582,0.119178,1581,0
Recursive DFS,adjlist,6721->9851,1582,1582,0.117728,1581,0
Dijkstra,adjlist,6721->9851,62,4468,0.352929,61,16.749
A* (A star),adjlist,6721->9851,62,62,0.00255762,61,29.238
Iterative BFS,adjmatrix,6721->9851,62,5078,1.00243,61,0
Recursive BFS,adjmatrix,6721->9851,62,5078,0.943257,61,0
Iterative DFS,adjmatrix,6721->9851,64,9906,3.66204,63,0
Recursive DFS,adjmatrix,6721->9851,64,9906,3.67765,63,0
Dijkstra,adjmatrix,6721->9851,62,4468,0.920871,61,16.749
A* (A star),adjmatrix,6721->9851,62,62,0.00966921,61,29.238
Iterative BFS,adjlist,9790->4817,123,7872,0.62977,122,0
Recursive BFS,adjlist,9790->4817,123,7872,0.689428,122,0
Iterative DFS,adjlist,9790->4817,3787,6191,1.64872,3786,0
Recursive DFS,adjlist,9790->4817,3787,6191,1.60067,3786,0
Dijkstra,adjlist,9790->4817,125,8131,1.18853,124,34.361
A* (A star),adjlist,9790->4817,123,123,0.00443013,122,50.265
Iterative BFS,adjmatrix,9790->4817,123,7904,1.68834,122,0
Recursive BFS,adjmatrix,9790->4817,123,7904,1.58994,122,0
Iterative DFS,adjmatrix,9790->4817,2673,7492,3.3568,2672,0
Recursive DFS,adjmatrix,9790->4817,2673,7492,3.28465,2672,0
Dijkstra,adjmatrix,9790->4817,125,8131,2.00109,124,34.361
A* (A star),adjmatrix,9790->4817,123,123,0.0197954,122,50.265
Iterative BFS,adjlist,8191->9077,24,846,0.00805643,23,0
Recursive BFS,adjlist,8191->9077,24,846,0.0080085,23,0
Iterative DFS,adjlist,8191->9077,802,1420,0.0410015,801,0
Recursive DFS,adjlist,8191->9077,802,1420,0.0406692,801,0
Dijkstra,adjlist,8191->9077,24,844,0.0110996,23,6.741
A* (A star),adjlist,8191->9077,24,24,0.00139015,23,10.497
Iterative BFS,adjmatrix,8191->9077,24,870,0.117646,23,0
Recursive BFS,adjmatrix,8191->9077,24,870,0.112603,23,0
Iterative DFS,adjmatrix,8191->9077,500,9514,3.50798,499,0
Recursive DFS,adjmatrix,8191->9077,500,9514,3.56437,499,0
Dijkstra,adjmatrix,8191->9077,24,844,0.113778,23,6.741
A* (A star),adjmatrix,8191->9077,24,24,0.00408411,23,10.497
Iterative BFS,adjlist,8391->941,125,8766,0.66833,124,0
Recursive BFS,adjlist,8391->941,125,8766,0.71056,124,0
Iterative DFS,adjlist,8391->941,2703,3319,0.354679,2702,0
Recursive DFS,adjlist,8391->941,2703,3319,0.35842,2702,0
Dijkstra,adjlist,8391->941,131,7924,1.06347,130,29.842
A* (A star),adjlist,8391->941,125,125,0.00421727,124,52.761
Iterative BFS,adjmatrix,8391->941,125,8735,1.86741,124,0
Recursive BFS,adjmatrix,8391->941,125,8735,1.87442,124,0
Iterative DFS,adjmatrix,8391->941,4671,4672,1.72761,4670,0
Recursive DFS,adjmatrix,8391->941,4671,4672,1.72688,4670,0
Dijkstra,adjmatrix,8391->941,131,7924,2.01178,130,29.842
A* (A star),adjmatrix,8391->941,125,125,0.0195219,124,52.761
Iterative BFS,adjlist,6155->4287,52,5049,0.315357,51,0
Recursive BFS,adjlist,6155->4287,52,5049,0.338221,51,0
Iterative DFS,adjlist,6155->4287,1636,1636,0.131097,1635,0
Recursive DFS,adjlist,6155->4287,1636,1636,0.128463,1635,0
Dijkstra,adjlist,6155->4287,56,4202,0.265866,55,15.043
A* (A star),adjlist,6155->4287,52,52,0.00243222,51,24.168
Iterative BFS,adjmatrix,6155->4287,52,4997,0.944,51,0
Recursive BFS,adjmatrix,6155->4287,52,4997,0.986941,51,0
Iterative DFS,adjmatrix,6155->4287,2924,7189,3.25411,2923,0
Recursive DFS,adjmatrix,6155->4287,2924,7189,3.08341,2923,0
Dijkstra,adjmatrix,6155->4287,56,4202,0.823732,55,15.043
A* (A star),adjmatrix,6155->4287,52,52,0.00843094,51,24.168
Iterative BFS,adjlist,8247->8123,26,1155,0.0140954,25,0
Recursive BFS,adjlist,8247->8123,26,1155,0.014088,25,0
Iterative DFS,adjlist,8247->8123,1380,6397,0.715505,1379,0
Recursive DFS,adjlist,8247->8123,1380,6397,0.738224,1379,0
Dijkstra,adjlist,8247->8123,30,1670,0.0396982,29,9.973
A* (A star),adjlist,8247->8123,26,26,0.00159629,25,12.879
Iterative BFS,adjmatrix,8247->8123,26,1200,0.155852,25,0
Recursive BFS,adjmatrix,8247->8123,26,1200,0.159244,25,0
Iterative DFS,adjmatrix,8247->8123,992,992,0.155753,991,0
Recursive DFS,adjmatrix,8247->8123,992,992,0.15743,991,0
Dijkstra,adjmatrix,8247->8123,30,1670,0.241258,29,9.973
A* (A star),adjmatrix,8247->8123,26,26,0.0044906,25,12.879
Iterative BFS,adjlist,932->7040,70,5014,0.340314,69,0
Recursive BFS,adjlist,932->7040,70,5014,0.366213,69,0
Iterative DFS,adjlist,932->7040,344,344,0.0075628,343,0
Recursive DFS,adjlist,932->7040,344,344,0.00614084,343,0
Dijkstra,adjlist,932->7040,86,6192,0.599124,85,24.891
A* (A star),adjlist,932->7040,70,70,0.00321896,69,33.336
Iterative BFS,adjmatrix,932->7040,70,5014,1.112,69,0
Recursive BFS,adjmatrix,932->7040,70,5014,1.0668,69,0
Iterative DFS,adjmatrix,932->7040,1052,8888,3.4105,1051,0
Recursive DFS,adjmatrix,932->7040,1052,8888,3.49736,1051,0
Dijkstra,adjmatrix,932->7040,86,6192,1.53755,85,24.891
A* (A star),adjmatrix,932->7040,70,70,0.0111473,69,33.336
Iterative BFS,adjlist,3316->9901,82,6828,0.601781,81,0
Recursive BFS,adjlist,3316->9901,82,6828,0.634029,81,0
Iterative DFS,adjlist,3316->9901,746,9110,1.74997,745,0
Recursive DFS,adjlist,3316->9901,746,9110,1.80494,745,0
Dijkstra,adjlist,3316->9901,90,7078,0.793386,89,24.756
A* (A star),adjlist,3316->9901,82,82,0.00356686,81,34.48
Iterative BFS,adjmatrix,3316->9901,82,6861,1.70971,81,0
Recursive BFS,adjmatrix,3316->9901,82,6861,1.71839,81,0
Iterative DFS,adjmatrix,3316->9901,3010,3010,0.882272,3009,0
Recursive DFS,adjmatrix,3316->9901,3010,3010,0.857314,3009,0
Dijkstra,adjmatrix,3316->9901,90,7078,1.87883,89,24.756
A* (A star),adjmatrix,3316->9901,82,82,0.0141332,81,34.48
Iterative BFS,adjlist,6483->7013,77,6581,0.39166,76,0
Recursive BFS,adjlist,6483->7013,77,6581,0.412687,76,0
Iterative DFS,adjlist,6483->7013,3633,5068,0.681341,3632,0
Recursive DFS,adjlist,6483->7013,3633,5068,0.707576,3632,0
Dijkstra,adjlist,6483->7013,91,7831,0.91103,90,25.872
A* (A star),adjlist,6483->7013,77,77,0.00354074,76,36.133
Iterative BFS,adjmatrix,6483->7013,77,6646,1.36794,76,0
Recursive BFS,adjmatrix,6483->7013,77,6646,1.33345,76,0
Iterative DFS,adjmatrix,6483->7013,1607,8428,3.59834,1606,0
Recursive DFS,adjmatrix,6483->7013,1607,8428,3.51596,1606,0
Dijkstra,adjmatrix,6483->7013,91,7831,1.94206,90,25.872
A* (A star),adjmatrix,6483->7013,77,77,0.0126279,76,36.133
Iterative BFS,adjlist,2435->4080,62,5416,0.390746,61,0
Recursive BFS,adjlist,2435->4080,62,5416,0.405779,61,0
Iterative DFS,adjlist,2435->4080,2208,4288,0.779342,2207,0
Recursive DFS,adjlist,2435->4080,2208,4288,0.803738,2207,0
Dijkstra,adjlist,2435->4080,66,4557,0.319929,65,16.376
A* (A star),adjlist,2435->4080,62,62,0.00256654,61,27.275
Iterative BFS,adjmatrix,2435->4080,62,5425,1.20005,61,0
Recursive BFS,adjmatrix,2435->4080,62,5425,1.19836,61,0
Iterative DFS,adjmatrix,2435->4080,1984,8001,3.19148,1983,0
Recursive DFS,adjmatrix,2435->4080,1984,8001,3.24595,1983,0
Dijkstra,adjmatrix,2435->4080,66,4557,0.974738,65,16.376
A* (A star),adjmatrix,2435->4080,62,62,0.00988646,61,27.275
Iterative BFS,adjlist,968->4993,66,4607,0.231752,65,0
Recursive BFS,adjlist,968->4993,66,4607,0.245702,65,0
Iterative DFS,adjlist,968->4993,1174,1972,0.160711,1173,0
Recursive DFS,adjlist,968->4993,1174,1972,0.163759,1173,0
Dijkstra,adjlist,968->4993,68,4222,0.30415,67,20.42
A* (A star),adjlist,968->4993,66,66,0.00260031,65,29.852
Iterative BFS,adjmatrix,968->4993,66,4607,0.939253,65,0
Recursive BFS,adjmatrix,968->4993,66,4607,0.895415,65,0
Iterative DFS,adjmatrix,968->4993,900,900,0.143761,899,0
Recursive DFS,adjmatrix,968->4993,900,900,0.142448,899,0
Dijkstra,adjmatrix,968->4993,68,4222,0.836975,67,20.42
A* (A star),adjmatrix,968->4993,66,66,0.0105867,65,29.852
Iterative BFS,adjlist,932->2383,66,4538,0.27363,65,0
Recursive BFS,adjlist,932->2383,66,4538,0.291945,65,0
Iterative DFS,adjlist,932->2383,2460,4312,0.824301,2459,0
Recursive DFS,adjlist,932->2383,2460,4312,0.876358,2459,0
Dijkstra,adjlist,932->2383,66,4964,0.388261,65,21.456
A* (A star),adjlist,932->2383,66,66,0.00292507,65,33.898
Iterative BFS,adjmatrix,932->2383,66,4538,0.986886,65,0
Recursive BFS,adjmatrix,932->2383,66,4538,0.920134,65,0
Iterative DFS,adjmatrix,932->2383,2726,2726,0.70809,2725,0
Recursive DFS,adjmatrix,932->2383,2726,2726,0.709995,2725,0
Dijkstra,adjmatrix,932->2383,66,4964,1.10721,65,21.456
A* (A star),adjmatrix,932->2383,66,66,0.0105227,65,33.898
Iterative BFS,adjlist,4148->4797,56,5807,0.441061,55,0
Recursive BFS,adjlist,4148->4797,56,5807,0.474104,55,0
Iterative DFS,adjlist,4148->4797,2420,2814,0.36859,2419,0
Recursive DFS,adjlist,4148->4797,2420,2814,0.371633,2419,0
Dijkstra,adjlist,4148->4797,66,6361,0.64093,65,17.386
A* (A star),adjlist,4148->4797,56,56,0.00298979,55,27.237
Iterative BFS,adjmatrix,4148->4797,56,5843,1.28507,55,0
Recursive BFS,adjmatrix,4148->4797,56,5843,1.2841,55,0
Iterative DFS,adjmatrix,4148->4797,1460,1460,0.274374,1459,0
Recursive DFS,adjmatrix,4148->4797,1460,1460,0.27057,1459,0
Dijkstra,adjmatrix,4148->4797,66,6361,1.52066,65,17.386
A* (A star),adjmatrix,4148->4797,56,56,0.0103272,55,27.237
Iterative BFS,adjlist,5900->810,141,9839,0.46417,140,0
Recursive BFS,adjlist,5900->810,141,9839,0.469032,140,0
Iterative DFS,adjlist,5900->810,4513,4554,1.11721,4512,0
Recursive DFS,adjlist,5900->810,4513,4554,1.11407,4512,0
Dijkstra,adjlist,5900->810,147,9790,1.18437,146,39.116
A* (A star),adjlist,5900->810,141,141,0.00487992,140,53.482
Iterative BFS,adjmatrix,5900->810,141,9837,2.46556,140,0
Recursive BFS,adjmatrix,5900->810,141,9837,2.44952,140,0
Iterative DFS,adjmatrix,5900->810,4581,5536,2.34799,4580,0
Recursive DFS,adjmatrix,5900->810,4581,5536,2.32873,4580,0
Dijkstra,adjmatrix,5900->810,147,9790,2.84173,146,39.116
A* (A star),adjmatrix,5900->810,141,141,0.0207575,140,53.482
Iterative BFS,adjlist,7975->5970,26,1226,0.0154817,25,0
Recursive BFS,adjlist,7975->5970,26,1226,0.0157141,25,0
Iterative DFS,adjlist,7975->5970,346,9564,1.48679,345,0
Recursive DFS,adjlist,7975->5970,346,9564,1.55344,345,0
Dijkstra,adjlist,7975->5970,30,1337,0.0280779,29,8.508
A* (A star),adjlist,7975->5970,26,26,0.00156503,25,12.358
Iterative BFS,adjmatrix,7975->5970,26,1195,0.19708,25,0
Recursive BFS,adjmatrix,7975->5970,26,1195,0.160498,25,0
Iterative DFS,adjmatrix,7975->5970,2036,2037,0.442888,2035,0
Recursive DFS,adjmatrix,7975->5970,2036,2037,0.409184,2035,0
Dijkstra,adjmatrix,7975->5970,30,1337,0.183129,29,8.508
A* (A star),adjmatrix,7975->5970,26,26,0.00443253,25,12.358
Iterative BFS,adjlist,1214->2811,20,642,0.00570061,19,0
Recursive BFS,adjlist,1214->2811,20,642,0.00563456,19,0
Iterative DFS,adjlist,1214->2811,248,9647,1.73496,247,0
Recursive DFS,adjlist,1214->2811,248,9647,1.76393,247,0
Dijkstra,adjlist,1214->2811,20,863,0.0130249,19,8.002
A* (A star),adjlist,1214->2811,20,20,0.00133354,19,8.88
Iterative BFS,adjmatrix,1214->2811,20,654,0.075972,19,0
Recursive BFS,adjmatrix,1214->2811,20,654,0.0746643,19,0
Iterative DFS,adjmatrix,1214->2811,4068,5937,2.16434,4067,0
Recursive DFS,adjmatrix,1214->2811,4068,5937,2.18458,4067,0
Dijkstra,adjmatrix,1214->2811,20,863,0.109821,19,8.002
A* (A star),adjmatrix,1214->2811,20,20,0.00376538,19,8.88
Iterative BFS,adjlist,9379->2664,83,5549,0.325125,82,0
Recursive BFS,adjlist,9379->2664,83,5549,0.350325,82,0
Iterative DFS,adjlist,9379->2664,879,9037,1.74245,878,0
Recursive DFS,adjlist,9379->2664,879,9037,1.70043,878,0
Dijkstra,adjlist,9379->2664,95,5443,0.366808,94,25.024
A* (A star),adjlist,9379->2664,83,83,0.00293828,82,38.747
Iterative BFS,adjmatrix,9379->2664,83,5512,0.995204,82,0
Recursive BFS,adjmatrix,9379->2664,83,5512,0.913154,82,0
Iterative DFS,adjmatrix,9379->2664,3663,6570,2.70267,3662,0
Recursive DFS,adjmatrix,9379->2664,3663,6570,2.70072,3662,0
Dijkstra,adjmatrix,9379->2664,95,5443,1.11764,94,25.024
A* (A star),adjmatrix,9379->2664,83,83,0.0116863,82,38.747
Iterative BFS,adjlist,4671->6852,42,3204,0.108027,41,0
Recursive BFS,adjlist,4671->6852,42,3204,0.118262,41,0
Iterative DFS,adjlist,4671->6852,992,8881,1.37606,991,0
Recursive DFS,adjlist,4671->6852,992,8881,1.39932,991,0
Dijkstra,adjlist,4671->6852,42,3256,0.161716,41,12.804
A* (A star),adjlist,4671->6852,42,42,0.00214431,41,16.408
Iterative BFS,adjmatrix,4671->6852,42,3253,0.52002,41,0
Recursive BFS,adjmatrix,4671->6852,42,3253,0.531231,41,0
Iterative DFS,adjmatrix,4671->6852,2000,8036,3.41405,1999,0
Recursive DFS,adjmatrix,4671->6852,2000,8036,3.24748,1999,0
Dijkstra,adjmatrix,4671->6852,42,3256,0.557175,41,12.804
A* (A star),adjmatrix,4671->6852,42,42,0.00697595,41,16.408
Iterative BFS,adjlist,1792->4563,58,3071,0.0731333,57,0
Recursive BFS,adjlist,1792->4563,58,3071,0.0765461,57,0
Iterative DFS,adjlist,1792->4563,1482,8372,1.96459,1481,0
Recursive DFS,adjlist,1792->4563,1482,8372,2.02379,1481,0
Dijkstra,adjlist,1792->4563,58,2139,0.0567055,57,13.674
A* (A star),adjlist,1792->4563,58,58,0.00189565,57,19.69
Iterative BFS,adjmatrix,1792->4563,58,3071,0.537345,57,0
Recursive BFS,adjmatrix,1792->4563,58,3071,0.493059,57,0
Iterative DFS,adjmatrix,1792->4563,2976,2976,0.766835,2975,0
Recursive DFS,adjmatrix,1792->4563,2976,2976,0.762257,2975,0
Dijkstra,adjmatrix,1792->4563,58,2139,0.345409,57,13.674
A* (A star),adjmatrix,1792->4563,58,58,0.00812812,57,19.69
Iterative BFS,adjlist,1337->7826,77,6243,0.566101,76,0
Recursive BFS,adjlist,1337->7826,77,6243,0.597068,76,0
Iterative DFS,adjlist,1337->7826,545,9287,1.32693,544,0
Recursive DFS,adjlist,1337->7826,545,9287,1.33794,544,0
Dijkstra,adjlist,1337->7826,97,7240,1.07438,96,26.171
A* (A star),adjlist,1337->7826,77,77,0.00384078,76,34.897
Iterative BFS,adjmatrix,1337->7826,77,6244,1.59869,76,0
Recursive BFS,adjmatrix,1337->7826,77,6244,1.50807,76,0
Iterative DFS,adjmatrix,1337->7826,3303,6723,2.92937,3302,0
Recursive DFS,adjmatrix,1337->7826,3303,6723,2.86732,3302,0
Dijkstra,adjmatrix,1337->7826,97,7240,2.07898,96,26.171
A* (A star),adjmatrix,1337->7826,77,77,0.0121589,76,34.897
Iterative BFS,adjlist,6661->6886,28,1462,0.0215936,27,0
Recursive BFS,adjlist,6661->6886,28,1462,0.0229534,27,0
Iterative DFS,adjlist,6661->6886,1212,2748,0.277042,1211,0
Recursive DFS,adjlist,6661->6886,1212,2748,0.285571,1211,0
Dijkstra,adjlist,6661->6886,38,1636,0.0399524,37,9.263
A* (A star),adjlist,6661->6886,28,28,0.00161674,27,13.578
Iterative BFS,adjmatrix,6661->6886,28,1488,0.227833,27,0
Recursive BFS,adjmatrix,6661->6886,28,1488,0.205134,27,0
Iterative DFS,adjmatrix,6661->6886,636,9363,3.55243,635,0
Recursive DFS,adjmatrix,6661->6886,636,9363,3.58477,635,0
Dijkstra,adjmatrix,6661->6886,38,1636,0.258271,37,9.263
A* (A star),adjmatrix,6661->6886,28,28,0.00506201,27,13.578
Iterative BFS,adjlist,1204->656,59,2549,0.0572138,58,0
Recursive BFS,adjlist,1204->656,59,2549,0.057711,58,0
Iterative DFS,adjlist,1204->656,2633,2633,0.336306,2632,0
Recursive DFS,adjlist,1204->656,2633,2633,0.338774,2632,0
Dijkstra,adjlist,1204->656,69,2801,0.110544,68,19.818
A* (A star),adjlist,1204->656,59,59,0.00212156,58,31.552
Iterative BFS,adjmatrix,1204->656,59,2540,0.38724,58,0
Recursive BFS,adjmatrix,1204->656,59,2540,0.397196,58,0
Iterative DFS,adjmatrix,1204->656,4571,5439,2.07328,4570,0
Recursive DFS,adjmatrix,1204->656,4571,5439,2.10252,4570,0
Dijkstra,adjmatrix,1204->656,69,2801,0.476962,68,19.818
A* (A star),adjmatrix,1204->656,59,59,0.00867497,58,31.552
Iterative BFS,adjlist,1606->6853,100,6822,0.48983,99,0
Recursive BFS,adjlist,1606->6853,100,6822,0.521506,99,0
Iterative DFS,adjlist,1606->6853,2310,7072,1.89265,2309,0
Recursive DFS,adjlist,1606->6853,2310,7072,1.96384,2309,0
Dijkstra,adjlist,1606->6853,102,5338,0.490179,101,25.759
A* (A star),adjlist,1606->6853,100,100,0.00325842,99,44.34
Iterative BFS,adjmatrix,1606->6853,100,6822,1.60937,99,0
Recursive BFS,adjmatrix,1606->6853,100,6822,1.61496,99,0
Iterative DFS,adjmatrix,1606->6853,1544,8405,3.28938,1543,0
Recursive DFS,adjmatrix,1606->6853,1544,8405,3.34787,1543,0
Dijkstra,adjmatrix,1606->6853,102,5338,1.24488,101,25.759
A* (A star),adjmatrix,1606->6853,100,100,0.0148759,99,44.34
Iterative BFS,adjlist,7732->7122,17,494,0.00466919,16,0
Recursive BFS,adjlist,7732->7122,17,494,0.00412532,16,0
Iterative DFS,adjlist,7732->7122,615,7137,1.09886,614,0
Recursive DFS,adjlist,7732->7122,615,7137,1.14033,614,0
Dijkstra,adjlist,7732->7122,17,235,0.00403258,16,4.492
A* (A star),adjlist,7732->7122,17,17,0.00124301,16,6.16
Iterative BFS,adjmatrix,7732->7122,17,501,0.0630137,16,0
Recursive BFS,adjmatrix,7732->7122,17,501,0.0627983,16,0
Iterative DFS,adjmatrix,7732->7122,1595,1595,0.284942,1594,0
Recursive DFS,adjmatrix,7732->7122,1595,1595,0.289223,1594,0
Dijkstra,adjmatrix,7732->7122,17,235,0.029297,16,4.492
A* (A star),adjmatrix,7732->7122,17,17,0.0031388,16,6.16
Iterative BFS,adjlist,1095->602,98,6140,0.373506,97,0
Recursive BFS,adjlist,1095->602,98,6140,0.39634,97,0
Iterative DFS,adjlist,1095->602,4668,5243,1.3438,4667,0
Recursive DFS,adjlist,1095->602,4668,5243,1.30715,4667,0
Dijkstra,adjlist,1095->602,118,6970,0.783912,117,31.753
A* (A star),adjlist,1095->602,98,98,0.00364565,97,42.648
Iterative BFS,adjmatrix,1095->602,98,6143,1.44071,97,0
Recursive BFS,adjmatrix,1095->602,98,6143,1.32935,97,0
Iterative DFS,adjmatrix,1095->602,4766,5340,2.19158,4765,0
Recursive DFS,adjmatrix,1095->602,4766,5340,2.14049,4765,0
Dijkstra,adjmatrix,1095->602,118,6970,1.75451,117,31.753
A* (A star),adjmatrix,1095->602,98,98,0.0147171,97,42.648
Iterative BFS,adjlist,2589->3684,17,487,0.0039671,16,0
Recursive BFS,adjlist,2589->3684,17,487,0.00421569,16,0
Iterative DFS,adjlist,2589->3684,269,9632,1.90314,268,0
Recursive DFS,adjlist,2589->3684,269,9632,1.99228,268,0
Dijkstra,adjlist,2589->3684,17,443,0.00726494,16,5.269
A* (A star),adjlist,2589->3684,17,17,0.0012856,16,6.809
Iterative BFS,adjmatrix,2589->3684,17,504,0.0781016,16,0
Recursive BFS,adjmatrix,2589->3684,17,504,0.0627904,16,0
Iterative DFS,adjmatrix,2589->3684,3327,6741,2.69675,3326,0
Recursive DFS,adjmatrix,2589->3684,3327,6741,2.69021,3326,0
Dijkstra,adjmatrix,2589->3684,17,443,0.0592356,16,5.269
A* (A star),adjmatrix,2589->3684,17,17,0.00334747,16,6.809
Iterative BFS,adjlist,6957->733,87,8835,0.995823,86,0
Recursive BFS,adjlist,6957->733,87,8835,1.09387,86,0
Iterative DFS,adjlist,6957->733,1293,5323,0.568772,1292,0
Recursive DFS,adjlist,6957->733,1293,5323,0.564721,1292,0
Dijkstra,adjlist,6957->733,95,8908,1.24382,94,25.013
A* (A star),adjlist,6957->733,87,87,0.00416314,86,40.739
Iterative BFS,adjmatrix,6957->733,87,8816,2.05509,86,0
Recursive BFS,adjmatrix,6957->733,87,8816,1.92269,86,0
Iterative DFS,adjmatrix,6957->733,4741,4741,1.77554,4740,0
Recursive DFS,adjmatrix,6957->733,4741,4741,1.88568,4740,0
Dijkstra,adjmatrix,6957->733,95,8908,2.45838,94,25.013
A* (A star),adjmatrix,6957->733,87,87,0.0177052,86,40.739
Iterative BFS,adjlist,9346->9842,10,151,0.00136841,9,0
Recursive BFS,adjlist,9346->9842,10,151,0.00136771,9,0
Iterative DFS,adjlist,9346->9842,398,5499,0.833738,397,0
Recursive DFS,adjlist,9346->9842,398,5499,0.850125,397,0
Dijkstra,adjlist,9346->9842,10,219,0.00468387,9,3.799
A* (A star),adjlist,9346->9842,10,10,0.00148977,9,4.753
Iterative BFS,adjmatrix,9346->9842,10,164,0.0427477,9,0
Recursive BFS,adjmatrix,9346->9842,10,164,0.0230146,9,0
Iterative DFS,adjmatrix,9346->9842,240,9766,4.57924,239,0
Recursive DFS,adjmatrix,9346->9842,240,9766,4.59595,239,0
Dijkstra,adjmatrix,9346->9842,10,219,0.0381987,9,3.799
A* (A star),adjmatrix,9346->9842,10,10,0.0027282,9,4.753
Iterative BFS,adjlist,8210->9344,46,2191,0.0485887,45,0
Recursive BFS,adjlist,8210->9344,46,2191,0.0480526,45,0
Iterative DFS,adjlist,8210->9344,1794,1794,0.148499,1793,0
Recursive DFS,adjlist,8210->9344,1794,1794,0.147538,1793,0
Dijkstra,adjlist,8210->9344,50,2237,0.084006,49,15.287
A* (A star),adjlist,8210->9344,46,46,0.0018699,45,21.244
Iterative BFS,adjmatrix,8210->9344,46,2226,0.437818,45,0
Recursive BFS,adjmatrix,8210->9344,46,2226,0.339119,45,0
Iterative DFS,adjmatrix,8210->9344,346,346,0.0727229,345,0
Recursive DFS,adjmatrix,8210->9344,346,346,0.0467092,345,0
Dijkstra,adjmatrix,8210->9344,50,2237,0.346116,49,15.287
A* (A star),adjmatrix,8210->9344,46,46,0.0073207,45,21.244
Iterative BFS,adjlist,1450->1903,53,3936,0.176389,52,0
Recursive BFS,adjlist,1450->1903,53,3936,0.184212,52,0
Iterative DFS,adjlist,1450->1903,2423,7446,0.944911,2422,0
Recursive DFS,adjlist,1450->1903,2423,7446,0.9336,2422,0
Dijkstra,adjlist,1450->1903,57,4511,0.294992,56,17.965
A* (A star),adjlist,1450->1903,53,53,0.00253668,52,22.728
Iterative BFS,adjmatrix,1450->1903,53,3959,1.06662,52,0
Recursive BFS,adjmatrix,1450->1903,53,3959,0.806397,52,0
Iterative DFS,adjmatrix,1450->1903,4303,4303,1.59555,4302,0
Recursive DFS,adjmatrix,1450->1903,4303,4303,1.51844,4302,0
Dijkstra,adjmatrix,1450->1903,57,4511,0.941948,56,17.965
A* (A star),adjmatrix,1450->1903,53,53,0.00871576,52,22.728
Iterative BFS,adjlist,41->8087,127,9362,1.3779,126,0
Recursive BFS,adjlist,41->8087,127,9362,1.53049,126,0
Iterative DFS,adjlist,41->8087,2343,2343,0.28497,2342,0
Recursive DFS,adjlist,41->8087,2343,2343,0.275314,2342,0
Dijkstra,adjlist,41->8087,131,9296,2.01911,130,37.075
A* (A star),adjlist,41->8087,127,127,0.00480818,126,54.958
Iterative BFS,adjmatrix,41->8087,127,9362,3.10224,126,0
Recursive BFS,adjmatrix,41->8087,127,9362,2.89806,126,0
Iterative DFS,adjmatrix,41->8087,647,5375,1.72851,646,0
Recursive DFS,adjmatrix,41->8087,647,5375,1.6538,646,0
Dijkstra,adjmatrix,41->8087,131,9296,3.40411,130,37.075
A* (A star),adjmatrix,41->8087,127,127,0.0191746,126,54.958
Iterative BFS,adjlist,7255->4349,36,2389,0.0560476,35,0
Recursive BFS,adjlist,7255->4349,36,2389,0.0568975,35,0
Iterative DFS,adjlist,7255->4349,436,4663,0.485292,435,0
Recursive DFS,adjlist,7255->4349,436,4663,0.487046,435,0
Dijkstra,adjlist,7255->4349,42,2977,0.123345,41,11.863
A* (A star),adjlist,7255->4349,36,36,0.00202639,35,16.055
Iterative BFS,adjmatrix,7255->4349,36,2344,0.382741,35,0
Recursive BFS,adjmatrix,7255->4349,36,2344,0.355069,35,0
Iterative DFS,adjmatrix,7255->4349,2850,2851,0.765279,2849,0
Recursive DFS,adjmatrix,7255->4349,2850,2851,0.719275,2849,0
Dijkstra,adjmatrix,7255->4349,42,2977,0.502655,41,11.863
A* (A star),adjmatrix,7255->4349,36,36,0.0061271,35,16.055
Iterative BFS,adjlist,4027->76,90,8735,1.14277,89,0
Recursive BFS,adjlist,4027->76,90,8735,1.20122,89,0
Iterative DFS,adjlist,4027->76,2466,2466,0.280789,2465,0
Recursive DFS,adjlist,4027->76,2466,2466,0.28914,2465,0
Dijkstra,adjlist,4027->76,90,8013,0.979574,89,23.32
A* (A star),adjlist,4027->76,90,90,0.00373939,89,35.792
Iterative BFS,adjmatrix,4027->76,90,8686,2.5613,89,0
Recursive BFS,adjmatrix,4027->76,90,8686,2.51074,89,0
Iterative DFS,adjmatrix,4027->76,4984,5153,2.09236,4983,0
Recursive DFS,adjmatrix,4027->76,4984,5153,2.10631,4983,0
Dijkstra,adjmatrix,4027->76,90,8013,2.30168,89,23.32
A* (A star),adjmatrix,4027->76,90,90,0.0142191,89,35.792
Iterative BFS,adjlist,4885->5104,85,7404,0.385155,84,0
Recursive BFS,adjlist,4885->5104,85,7404,0.412186,84,0
Iterative DFS,adjlist,4885->5104,4145,5792,1.14756,4144,0
Recursive DFS,adjlist,4885->5104,4145,5792,1.11885,4144,0
Dijkstra,adjlist,4885->5104,103,8446,0.931099,102,28.814
A* (A star),adjlist,4885->5104,85,85,0.00412649,84,42.669
Iterative BFS,adjmatrix,4885->5104,85,7450,1.89078,84,0
Recursive BFS,adjmatrix,4885->5104,85,7450,1.77529,84,0
Iterative DFS,adjmatrix,4885->5104,2577,2577,0.698806,2576,0
Recursive DFS,adjmatrix,4885->5104,2577,2577,0.672201,2576,0
Dijkstra,adjmatrix,4885->5104,103,8446,2.25764,102,28.814
A* (A star),adjmatrix,4885->5104,85,85,0.014052,84,42.669
Iterative BFS,adjlist,8651->6317,58,4475,0.234338,57,0
Recursive BFS,adjlist,8651->6317,58,4475,0.249092,57,0
Iterative DFS,adjlist,8651->6317,1844,6457,0.777003,1843,0
Recursive DFS,adjlist,8651->6317,1844,6457,0.780272,1843,0
Dijkstra,adjlist,8651->6317,58,4364,0.347165,57,16.619
A* (A star),adjlist,8651->6317,58,58,0.0024941,57,23.821
Iterative BFS,adjmatrix,8651->6317,58,4519,0.820653,57,0
Recursive BFS,adjmatrix,8651->6317,58,4519,0.778669,57,0
Iterative DFS,adjmatrix,8651->6317,2006,2006,0.41619,2005,0
Recursive DFS,adjmatrix,8651->6317,2006,2006,0.421535,2005,0
Dijkstra,adjmatrix,8651->6317,58,4364,0.785725,57,16.619
A* (A star),adjmatrix,8651->6317,58,58,0.00918744,57,23.821
Iterative BFS,adjlist,891->4552,77,4255,0.172273,76,0
Recursive BFS,adjlist,891->4552,77,4255,0.180771,76,0
Iterative DFS,adjlist,891->4552,1987,7868,1.88131,1986,0
Recursive DFS,adjlist,891->4552,1987,7868,1.93776,1986,0
Dijkstra,adjlist,891->4552,77,3694,0.180743,76,22.321
A* (A star),adjlist,891->4552,77,77,0.00273926,76,32.963
Iterative BFS,adjmatrix,891->4552,77,4255,0.886637,76,0
Recursive BFS,adjmatrix,891->4552,77,4255,0.800488,76,0
Iterative DFS,adjmatrix,891->4552,3051,3051,0.833174,3050,0
Recursive DFS,adjmatrix,891->4552,3051,3051,0.824228,3050,0
Dijkstra,adjmatrix,891->4552,77,3694,0.677838,76,22.321
A* (A star),adjmatrix,891->4552,77,77,0.011625,76,32.963
Iterative BFS,adjlist,5682->2615,98,8763,0.505764,97,0
Recursive BFS,adjlist,5682->2615,98,8763,0.534921,97,0
Iterative DFS,adjlist,5682->2615,3468,6463,1.34934,3467,0
Recursive DFS,adjlist,5682->2615,3468,6463,1.33059,3467,0
Dijkstra,adjlist,5682->2615,104,8979,0.903891,103,29.391
A* (A star),adjlist,5682->2615,98,98,0.00399677,97,41.568
Iterative BFS,adjmatrix,5682->2615,98,8760,2.15089,97,0
Recursive BFS,adjmatrix,5682->2615,98,8760,2.12477,97,0
Iterative DFS,adjmatrix,5682->2615,3772,6335,2.8379,3771,0
Recursive DFS,adjmatrix,5682->2615,3772,6335,2.78007,3771,0
Dijkstra,adjmatrix,5682->2615,104,8979,2.60143,103,29.391
A* (A star),adjmatrix,5682->2615,98,98,0.0189331,97,41.568
Iterative BFS,adjlist,9577->5555,63,3478,0.122354,62,0
Recursive BFS,adjlist,9577->5555,63,3478,0.132959,62,0
Iterative DFS,adjlist,9577->5555,1255,3259,0.195159,1254,0
Recursive DFS,adjlist,9577->5555,1255,3259,0.191069,1254,0
Dijkstra,adjlist,9577->5555,63,2963,0.115154,62,17.778
A* (A star),adjlist,9577->5555,63,63,0.00250081,62,28.369
Iterative BFS,adjmatrix,9577->5555,63,3477,0.564061,62,0
Recursive BFS,adjmatrix,9577->5555,63,3477,0.525019,62,0
Iterative DFS,adjmatrix,9577->5555,2335,2336,0.522964,2334,0
Recursive DFS,adjmatrix,9577->5555,2335,2336,0.548445,2334,0
Dijkstra,adjmatrix,9577->5555,63,2963,0.496285,62,17.778
A* (A star),adjmatrix,9577->5555,63,63,0.00942533,62,28.369
Iterative BFS,adjlist,7361->146,88,8567,0.90653,87,0
Recursive BFS,adjlist,7361->146,88,8567,0.973474,87,0
Iterative DFS,adjlist,7361->146,884,9012,1.42018,883,0
Recursive DFS,adjlist,7361->146,884,9012,1.39556,883,0
Dijkstra,adjlist,7361->146,112,9192,1.6998,111,26.837
A* (A star),adjlist,7361->146,88,88,0.00449747,87,37.577
Iterative BFS,adjmatrix,7361->146,88,8524,1.8349,87,0
Recursive BFS,adjmatrix,7361->146,88,8524,1.78698,87,0
Iterative DFS,adjmatrix,7361->146,5050,5050,2.00839,5049,0
Recursive DFS,adjmatrix,7361->146,5050,5050,2.00631,5049,0
Dijkstra,adjmatrix,7361->146,112,9192,2.38029,111,26.837
A* (A star),adjmatrix,7361->146,88,88,0.014468,87,37.577
Iterative BFS,adjlist,3900->7339,97,7038,0.301297,96,0
Recursive BFS,adjlist,3900->7339,97,7038,0.310483,96,0
Iterative DFS,adjlist,3900->7339,2997,7004,1.99817,2996,0
Recursive DFS,adjlist,3900->7339,2997,7004,2.06987,2996,0
Dijkstra,adjlist,3900->7339,99,6474,0.567841,98,27.148
A* (A star),adjlist,3900->7339,97,97,0.00335218,96,43.435
Iterative BFS,adjmatrix,3900->7339,97,7042,1.65395,96,0
Recursive BFS,adjmatrix,3900->7339,97,7042,1.62186,96,0
Iterative DFS,adjmatrix,3900->7339,1389,1389,0.252806,1388,0
Recursive DFS,adjmatrix,3900->7339,1389,1389,0.248849,1388,0
Dijkstra,adjmatrix,3900->7339,99,6474,1.57851,98,27.148
A* (A star),adjmatrix,3900->7339,97,97,0.0146234,96,43.435
Iterative BFS,adjlist,1828->5771,83,7015,0.71891,82,0
Recursive BFS,adjlist,1828->5771,83,7015,0.778735,82,0
Iterative DFS,adjlist,1828->5771,2099,5083,1.19043,2098,0
Recursive DFS,adjlist,1828->5771,2099,5083,1.18286,2098,0
Dijkstra,adjlist,1828->5771,87,5635,0.519539,86,22.162
A* (A star),adjlist,1828->5771,83,83,0.00308164,82,33.082
Iterative BFS,adjmatrix,1828->5771,83,7015,1.92002,82,0
Recursive BFS,adjmatrix,1828->5771,83,7015,1.86723,82,0
Iterative DFS,adjmatrix,1828->5771,1625,1625,0.315512,1624,0
Recursive DFS,adjmatrix,1828->5771,1625,1625,0.312978,1624,0
Dijkstra,adjmatrix,1828->5771,87,5635,1.35483,86,22.162
A* (A star),adjmatrix,1828->5771,83,83,0.014215,82,33.082
Iterative BFS,adjlist,486->9558,120,8105,0.698553,119,0
Recursive BFS,adjlist,486->9558,120,8105,0.756979,119,0
Iterative DFS,adjlist,486->9558,1518,2713,0.152955,1517,0
Recursive DFS,adjlist,486->9558,1518,2713,0.152977,1517,0
Dijkstra,adjlist,486->9558,122,8248,1.2126,121,35.103
A* (A star),adjlist,486->9558,120,120,0.00454288,119,53.033
Iterative BFS,adjmatrix,486->9558,120,8105,1.91866,119,0
Recursive BFS,adjmatrix,486->9558,120,8105,1.90415,119,0
Iterative DFS,adjmatrix,486->9558,1090,1090,0.190728,1089,0
Recursive DFS,adjmatrix,486->9558,1090,1090,0.185368,1089,0
Dijkstra,adjmatrix,486->9558,122,8248,2.29248,121,35.103
A* (A star),adjmatrix,486->9558,120,120,0.0186486,119,53.033
Iterative BFS,adjlist,3784->3204,86,7451,0.429344,85,0
Recursive BFS,adjlist,3784->3204,86,7451,0.450149,85,0
Iterative DFS,adjlist,3784->3204,4114,5476,0.974782,4113,0
Recursive DFS,adjlist,3784->3204,4114,5476,0.963529,4113,0
Dijkstra,adjlist,3784->3204,108,8793,0.9878,107,30.404
A* (A star),adjlist,3784->3204,86,86,0.00389031,85,48.08
Iterative BFS,adjmatrix,3784->3204,86,7476,1.85896,85,0
Recursive BFS,adjmatrix,3784->3204,86,7476,1.81883,85,0
Iterative DFS,adjmatrix,3784->3204,3376,6707,2.96963,3375,0
Recursive DFS,adjmatrix,3784->3204,3376,6707,2.91691,3375,0
Dijkstra,adjmatrix,3784->3204,108,8793,2.4983,107,30.404
A* (A star),adjmatrix,3784->3204,86,86,0.0141508,85,48.08
Iterative BFS,adjlist,2037->6258,64,5487,0.414565,63,0
Recursive BFS,adjlist,2037->6258,64,5487,0.429567,63,0
Iterative DFS,adjlist,2037->6258,970,5294,0.90373,969,0
Recursive DFS,adjlist,2037->6258,970,5294,0.919678,969,0
Dijkstra,adjlist,2037->6258,64,4903,0.372556,63,18.167
A* (A star),adjlist,2037->6258,64,64,0.00281439,63,27.14
Iterative BFS,adjmatrix,2037->6258,64,5487,1.21485,63,0
Recursive BFS,adjmatrix,2037->6258,64,5487,1.2579,63,0
Iterative DFS,adjmatrix,2037->6258,1236,8723,3.39321,1235,0
Recursive DFS,adjmatrix,2037->6258,1236,8723,3.42873,1235,0
Dijkstra,adjmatrix,2037->6258,64,4903,1.07583,63,18.167
A* (A star),adjmatrix,2037->6258,64,64,0.0103485,63,27.14
Iterative BFS,adjlist,1136->1580,49,3116,0.104206,48,0
Recursive BFS,adjlist,1136->1580,49,3116,0.109357,48,0
Iterative DFS,adjlist,1136->1580,2219,2219,0.226211,2218,0
Recursive DFS,adjlist,1136->1580,2219,2219,0.233049,2218,0
Dijkstra,adjlist,1136->1580,57,4373,0.282682,56,18.819
A* (A star),adjlist,1136->1580,49,49,0.00243948,48,27.132
Iterative BFS,adjmatrix,1136->1580,49,3124,0.52446,48,0
Recursive BFS,adjmatrix,1136->1580,49,3124,0.536987,48,0
Iterative DFS,adjmatrix,1136->1580,2821,2821,0.759809,2820,0
Recursive DFS,adjmatrix,1136->1580,2821,2821,0.717142,2820,0
Dijkstra,adjmatrix,1136->1580,57,4373,0.865881,56,18.819
A* (A star),adjmatrix,1136->1580,49,49,0.0083072,48,27.132
Iterative BFS,adjlist,7975->7144,40,2489,0.0565454,39,0
Recursive BFS,adjlist,7975->7144,40,2489,0.058205,39,0
Iterative DFS,adjlist,7975->7144,1628,8290,1.41061,1627,0
Recursive DFS,adjlist,7975->7144,1628,8290,1.45084,1627,0
Dijkstra,adjlist,7975->7144,40,2637,0.108439,39,12.822
A* (A star),adjlist,7975->7144,40,40,0.00197925,39,19.1
Iterative BFS,adjmatrix,7975->7144,40,2529,0.452519,39,0
Recursive BFS,adjmatrix,7975->7144,40,2529,0.371581,39,0
Iterative DFS,adjmatrix,7975->7144,1508,1509,0.294137,1507,0
Recursive DFS,adjmatrix,7975->7144,1508,1509,0.275566,1507,0
Dijkstra,adjmatrix,7975->7144,40,2637,0.417793,39,12.822
A* (A star),adjmatrix,7975->7144,40,40,0.0064805,39,19.1
Iterative BFS,adjlist,2745->4530,34,2124,0.0440441,33,0
Recursive BFS,adjlist,2745->4530,34,2124,0.0442564,33,0
Iterative DFS,adjlist,2745->4530,794,9056,1.13873,793,0
Recursive DFS,adjlist,2745->4530,794,9056,1.15457,793,0
Dijkstra,adjlist,2745->4530,34,1897,0.0501397,33,9.637
A* (A star),adjlist,2745->4530,34,34,0.00173031,33,12.877
Iterative BFS,adjmatrix,2745->4530,34,2161,0.338346,33,0
Recursive BFS,adjmatrix,2745->4530,34,2161,0.327581,33,0
Iterative DFS,adjmatrix,2745->4530,3406,3407,0.954505,3405,0
Recursive DFS,adjmatrix,2745->4530,3406,3407,0.952439,3405,0
Dijkstra,adjmatrix,2745->4530,34,1897,0.289169,33,9.637
A* (A star),adjmatrix,2745->4530,34,34,0.00561911,33,12.877
Iterative BFS,adjlist,6222->513,67,5886,0.487857,66,0
Recursive BFS,adjlist,6222->513,67,5886,0.53387,66,0
Iterative DFS,adjlist,6222->513,477,9402,1.58721,476,0
Recursive DFS,adjlist,6222->513,477,9402,1.64623,476,0
Dijkstra,adjlist,6222->513,75,6267,0.680069,74,20.722
A* (A star),adjlist,6222->513,67,67,0.00320092,66,32.497
Iterative BFS,adjmatrix,6222->513,67,5884,1.19847,66,0
Recursive BFS,adjmatrix,6222->513,67,5884,1.18666,66,0
Iterative DFS,adjmatrix,6222->513,4723,5452,2.28798,4722,0
Recursive DFS,adjmatrix,6222->513,4723,5452,2.1818,4722,0
Dijkstra,adjmatrix,6222->513,75,6267,1.40405,74,20.722
A* (A star),adjmatrix,6222->513,67,67,0.0108113,66,32.497
Iterative BFS,adjlist,2261->9236,96,8837,1.01472,95,0
Recursive BFS,adjlist,2261->9236,96,8837,1.05713,95,0
Iterative DFS,adjlist,2261->9236,1332,8523,1.31331,1331,0
Recursive DFS,adjlist,2261->9236,1332,8523,1.29481,1331,0
Dijkstra,adjlist,2261->9236,96,8850,1.2178,95,29.601
A* (A star),adjlist,2261->9236,96,96,0.00419517,95,40.683
Iterative BFS,adjmatrix,2261->9236,96,8837,2.66827,95,0
Recursive BFS,adjmatrix,2261->9236,96,8837,2.6198,95,0
Iterative DFS,adjmatrix,2261->9236,1934,8078,3.40675,1933,0
Recursive DFS,adjmatrix,2261->9236,1934,8078,3.38919,1933,0
Dijkstra,adjmatrix,2261->9236,96,8850,2.76504,95,29.601
A* (A star),adjmatrix,2261->9236,96,96,0.015764,95,40.683
Iterative BFS,adjlist,5932->4467,51,4580,0.274301,50,0
Recursive BFS,adjlist,5932->4467,51,4580,0.296796,50,0
Iterative DFS,adjlist,5932->4467,1723,5133,1.00199,1722,0
Recursive DFS,adjlist,5932->4467,1723,5133,1.04565,1722,0
Dijkstra,adjlist,5932->4467,55,4650,0.35869,54,16.113
A* (A star),adjlist,5932->4467,51,51,0.00255759,50,23.26
Iterative BFS,adjmatrix,5932->4467,51,4563,0.872054,50,0
Recursive BFS,adjmatrix,5932->4467,51,4563,0.881786,50,0
Iterative DFS,adjmatrix,5932->4467,2743,7325,2.92296,2742,0
Recursive DFS,adjmatrix,5932->4467,2743,7325,2.99515,2742,0
Dijkstra,adjmatrix,5932->4467,55,4650,0.93571,54,16.113
A* (A star),adjmatrix,5932->4467,51,51,0.00839623,50,23.26
Iterative BFS,adjlist,7010->8335,39,2001,0.0404038,38,0
Recursive BFS,adjlist,7010->8335,39,2001,0.0405416,38,0
Iterative DFS,adjlist,7010->8335,1201,7867,1.94652,1200,0
Recursive DFS,adjlist,7010->8335,1201,7867,1.99578,1200,0
Dijkstra,adjlist,7010->8335,43,1877,0.0527203,42,12.002
A* (A star),adjlist,7010->8335,39,39,0.00170459,38,16.472
Iterative BFS,adjmatrix,7010->8335,39,2027,0.302262,38,0
Recursive BFS,adjmatrix,7010->8335,39,2027,0.285579,38,0
Iterative DFS,adjmatrix,7010->8335,775,775,0.159637,774,0
Recursive DFS,adjmatrix,7010->8335,775,775,0.113512,774,0
Dijkstra,adjmatrix,7010->8335,43,1877,0.272131,42,12.002
A* (A star),adjmatrix,7010->8335,39,39,0.005868,38,16.472
Iterative BFS,adjlist,8795->4546,92,5746,0.3184,91,0
Recursive BFS,adjlist,8795->4546,92,5746,0.34462,91,0
Iterative DFS,adjlist,8795->4546,2562,7382,1.97601,2561,0
Recursive DFS,adjlist,8795->4546,2562,7382,2.04555,2561,0
Dijkstra,adjlist,8795->4546,98,4449,0.240708,97,22.834
A* (A star),adjlist,8795->4546,92,92,0.00275837,91,41.554
Iterative BFS,adjmatrix,8795->4546,92,5739,1.11112,91,0
Recursive BFS,adjmatrix,8795->4546,92,5739,1.03344,91,0
Iterative DFS,adjmatrix,8795->4546,2822,2823,0.70106,2821,0
Recursive DFS,adjmatrix,8795->4546,2822,2823,0.686971,2821,0
Dijkstra,adjmatrix,8795->4546,98,4449,0.810798,97,22.834
A* (A star),adjmatrix,8795->4546,92,92,0.0132706,91,41.554
Iterative BFS,adjlist,6025->5068,54,4616,0.283568,53,0
Recursive BFS,adjlist,6025->5068,54,4616,0.304054,53,0
Iterative DFS,adjlist,6025->5068,2134,5432,1.16757,2133,0
Recursive DFS,adjlist,6025->5068,2134,5432,1.19444,2133,0
Dijkstra,adjlist,6025->5068,58,4893,0.360691,57,16.834
A* (A star),adjlist,6025->5068,54,54,0.00253129,53,23.67
Iterative BFS,adjmatrix,6025->5068,54,4628,0.840517,53,0
Recursive BFS,adjmatrix,6025->5068,54,4628,0.840823,53,0
Iterative DFS,adjmatrix,6025->5068,2476,7583,3.00201,2475,0
Recursive DFS,adjmatrix,6025->5068,2476,7583,3.0024,2475,0
Dijkstra,adjmatrix,6025->5068,58,4893,0.944606,57,16.834
A* (A star),adjmatrix,6025->5068,54,54,0.00848247,53,23.67
Iterative BFS,adjlist,1706->4959,86,5491,0.301789,85,0
Recursive BFS,adjlist,1706->4959,86,5491,0.327772,85,0
Iterative DFS,adjlist,1706->4959,2596,6794,1.97526,2595,0
Recursive DFS,adjlist,1706->4959,2596,6794,1.91146,2595,0
Dijkstra,adjlist,1706->4959,96,4883,0.390114,95,24.281
A* (A star),adjlist,1706->4959,86,86,0.00272567,85,39.58
Iterative BFS,adjmatrix,1706->4959,86,5491,1.1628,85,0
Recursive BFS,adjmatrix,1706->4959,86,5491,1.16122,85,0
Iterative DFS,adjmatrix,1706->4959,2476,2476,0.604248,2475,0
Recursive DFS,adjmatrix,1706->4959,2476,2476,0.577736,2475,0
Dijkstra,adjmatrix,1706->4959,96,4883,0.998752,95,24.281
A* (A star),adjmatrix,1706->4959,86,86,0.0129624,85,39.58
Iterative BFS,adjlist,4227->9095,117,9886,1.35328,116,0
Recursive BFS,adjlist,4227->9095,117,9886,1.46042,116,0
Iterative DFS,adjlist,4227->9095,3387,3387,0.611232,3386,0
Recursive DFS,adjlist,4227->9095,3387,3387,0.589911,3386,0
Dijkstra,adjlist,4227->9095,121,9910,1.77957,120,33.554
A* (A star),adjlist,4227->9095,117,117,0.00420487,116,52.222
Iterative BFS,adjmatrix,4227->9095,117,9886,2.79885,116,0
Recursive BFS,adjmatrix,4227->9095,117,9886,2.81834,116,0
Iterative DFS,adjmatrix,4227->9095,419,9534,3.73657,418,0
Recursive DFS,adjmatrix,4227->9095,419,9534,3.67017,418,0
Dijkstra,adjmatrix,4227->9095,121,9910,3.12027,120,33.554
A* (A star),adjmatrix,4227->9095,117,117,0.017679,116,52.222
Iterative BFS,adjlist,3977->8855,72,6788,0.451505,71,0
Recursive BFS,adjlist,3977->8855,72,6788,0.479892,71,0
Iterative DFS,adjlist,3977->8855,1166,3226,0.160667,1165,0
Recursive DFS,adjlist,3977->8855,1166,3226,0.161325,1165,0
Dijkstra,adjlist,3977->8855,72,6193,0.466058,71,21.301
A* (A star),adjlist,3977->8855,72,72,0.00360564,71,33.693
Iterative BFS,adjmatrix,3977->8855,72,6788,1.57886,71,0
Recursive BFS,adjmatrix,3977->8855,72,6788,1.6183,71,0
Iterative DFS,adjmatrix,3977->8855,1290,8726,3.45647,1289,0
Recursive DFS,adjmatrix,3977->8855,1290,8726,3.50038,1289,0
Dijkstra,adjmatrix,3977->8855,72,6193,1.31659,71,21.301
A* (A star),adjmatrix,3977->8855,72,72,0.0119372,71,33.693
Iterative BFS,adjlist,7372->5433,59,4853,0.247028,58,0
Recursive BFS,adjlist,7372->5433,59,4853,0.259127,58,0
Iterative DFS,adjlist,7372->5433,2043,7877,1.28921,2042,0
Recursive DFS,adjlist,7372->5433,2043,7877,1.32031,2042,0
Dijkstra,adjlist,7372->5433,61,4746,0.34816,60,17.397
A* (A star),adjlist,7372->5433,59,59,0.0029112,58,24.272
Iterative BFS,adjmatrix,7372->5433,59,4882,0.92553,58,0
Recursive BFS,adjmatrix,7372->5433,59,4882,0.883879,58,0
Iterative DFS,adjmatrix,7372->5433,2389,7720,3.16369,2388,0
Recursive DFS,adjmatrix,7372->5433,2389,7720,3.2152,2388,0
Dijkstra,adjmatrix,7372->5433,61,4746,0.898923,60,17.397
A* (A star),adjmatrix,7372->5433,59,59,0.00959957,58,24.272
Iterative BFS,adjlist,9520->5461,83,5226,0.361752,82,0
Recursive BFS,adjlist,9520->5461,83,5226,0.401324,82,0
Iterative DFS,adjlist,9520->5461,2063,6071,1.43027,2062,0
Recursive DFS,adjlist,9520->5461,2063,6071,1.48131,2062,0
Dijkstra,adjlist,9520->5461,83,4243,0.29668,82,22.714
A* (A star),adjlist,9520->5461,83,83,0.00271148,82,37.278
Iterative BFS,adjmatrix,9520->5461,83,5225,0.924966,82,0
Recursive BFS,adjmatrix,9520->5461,83,5225,0.92538,82,0
Iterative DFS,adjmatrix,9520->5461,2299,7781,3.46891,2298,0
Recursive DFS,adjmatrix,9520->5461,2299,7781,3.334,2298,0
Dijkstra,adjmatrix,9520->5461,83,4243,0.830059,82,22.714
A* (A star),adjmatrix,9520->5461,83,83,0.0129794,82,37.278
Iterative BFS,adjlist,9805->5527,66,2512,0.0608565,65,0
Recursive BFS,adjlist,9805->5527,66,2512,0.0627577,65,0
Iterative DFS,adjlist,9805->5527,1166,1166,0.0572045,1165,0
Recursive DFS,adjlist,9805->5527,1166,1166,0.0582103,1165,0
Dijkstra,adjlist,9805->5527,72,1911,0.0521028,71,17.648
A* (A star),adjlist,9805->5527,66,66,0.00202437,65,21.518
Iterative BFS,adjmatrix,9805->5527,66,2490,0.365816,65,0
Recursive BFS,adjmatrix,9805->5527,66,2490,0.365497,65,0
Iterative DFS,adjmatrix,9805->5527,2274,2277,0.503937,2273,0
Recursive DFS,adjmatrix,9805->5527,2274,2277,0.508564,2273,0
Dijkstra,adjmatrix,9805->5527,72,1911,0.287597,71,17.648
A* (A star),adjmatrix,9805->5527,66,66,0.0098499,65,21.518
Iterative BFS,adjlist,1072->8374,76,5615,0.360786,75,0
Recursive BFS,adjlist,1072->8374,76,5615,0.381925,75,0
Iterative DFS,adjlist,1072->8374,96,96,0.00201141,95,0
Recursive DFS,adjlist,1072->8374,96,96,0.00205336,95,0
Dijkstra,adjlist,1072->8374,94,6947,0.913825,93,28.373
A* (A star),adjlist,1072->8374,76,76,0.00353706,75,37.308
Iterative BFS,adjmatrix,1072->8374,76,5615,1.30045,75,0
Recursive BFS,adjmatrix,1072->8374,76,5615,1.24377,75,0
Iterative DFS,adjmatrix,1072->8374,316,316,0.0472542,315,0
Recursive DFS,adjmatrix,1072->8374,316,316,0.0441883,315,0
Dijkstra,adjmatrix,1072->8374,94,6947,2.02924,93,28.373
A* (A star),adjmatrix,1072->8374,76,76,0.0128706,75,37.308
Iterative BFS,adjlist,4127->7740,50,4289,0.240284,49,0
Recursive BFS,adjlist,4127->7740,50,4289,0.259456,49,0
Iterative DFS,adjlist,4127->7740,572,6726,1.27632,571,0
Recursive DFS,adjlist,4127->7740,572,6726,1.34732,571,0
Dijkstra,adjlist,4127->7740,52,4296,0.297783,51,14.72
A* (A star),adjlist,4127->7740,50,50,0.0024889,49,20.827
Iterative BFS,adjmatrix,4127->7740,50,4295,0.833357,49,0
Recursive BFS,adjmatrix,4127->7740,50,4295,0.833902,49,0
Iterative DFS,adjmatrix,4127->7740,924,924,0.147903,923,0
Recursive DFS,adjmatrix,4127->7740,924,924,0.147402,923,0
Dijkstra,adjmatrix,4127->7740,52,4296,0.805856,51,14.72
A* (A star),adjmatrix,4127->7740,50,50,0.00820852,49,20.827
Iterative BFS,adjlist,9165->1467,80,6088,0.459783,79,0
Recursive BFS,adjlist,9165->1467,80,6088,0.486269,79,0
Iterative DFS,adjlist,9165->1467,108,108,0.00229519,107,0
Recursive DFS,adjlist,9165->1467,108,108,0.00226998,107,0
Dijkstra,adjlist,9165->1467,106,6949,0.950715,105,26.075
A* (A star),adjlist,9165->1467,80,80,0.00354106,79,38.603
Iterative BFS,adjmatrix,9165->1467,80,5995,1.07949,79,0
Recursive BFS,adjmatrix,9165->1467,80,5995,1.03188,79,0
Iterative DFS,adjmatrix,9165->1467,4322,5840,2.43288,4321,0
Recursive DFS,adjmatrix,9165->1467,4322,5840,2.42073,4321,0
Dijkstra,adjmatrix,9165->1467,106,6949,1.51935,105,26.075
A* (A star),adjmatrix,9165->1467,80,80,0.0132691,79,38.603
Iterative BFS,adjlist,5872->5217,62,5945,0.410341,61,0
Recursive BFS,adjlist,5872->5217,62,5945,0.441089,61,0
Iterative DFS,adjlist,5872->5217,2838,7083,1.06798,2837,0
Recursive DFS,adjlist,5872->5217,2838,7083,1.08584,2837,0
Dijkstra,adjlist,5872->5217,80,7263,0.82374,79,21.061
A* (A star),adjlist,5872->5217,62,62,0.00326193,61,29.52
Iterative BFS,adjmatrix,5872->5217,62,6011,1.23979,61,0
Recursive BFS,adjmatrix,5872->5217,62,6011,1.23362,61,0
Iterative DFS,adjmatrix,5872->5217,2384,7676,3.31137,2383,0
Recursive DFS,adjmatrix,5872->5217,2384,7676,3.25055,2383,0
Dijkstra,adjmatrix,5872->5217,80,7263,1.69621,79,21.061
A* (A star),adjmatrix,5872->5217,62,62,0.0102331,61,29.52
Iterative BFS,adjlist,9133->5482,87,6645,0.656031,86,0
Recursive BFS,adjlist,9133->5482,87,6645,0.699813,86,0
Iterative DFS,adjlist,9133->5482,2463,4371,0.942201,2462,0
Recursive DFS,adjlist,9133->5482,2463,4371,0.943927,2462,0
Dijkstra,adjlist,9133->5482,91,5364,0.552437,90,21.041
A* (A star),adjlist,9133->5482,87,87,0.00300436,86,38.711
Iterative BFS,adjmatrix,9133->5482,87,6676,1.22001,86,0
Recursive BFS,adjmatrix,9133->5482,87,6676,1.19935,86,0
Iterative DFS,adjmatrix,9133->5482,2309,7773,3.17235,2308,0
Recursive DFS,adjmatrix,9133->5482,2309,7773,3.25211,2308,0
Dijkstra,adjmatrix,9133->5482,91,5364,1.02171,90,21.041
A* (A star),adjmatrix,9133->5482,87,87,0.012923,86,38.711
Iterative BFS,adjlist,8306->4832,62,3158,0.0934816,61,0
Recursive BFS,adjlist,8306->4832,62,3158,0.096146,61,0
Iterative DFS,adjlist,8306->4832,1346,1346,0.0763565,1345,0
Recursive DFS,adjlist,8306->4832,1346,1346,0.0776915,1345,0
Dijkstra,adjlist,8306->4832,70,2670,0.090829,69,18.233
A* (A star),adjlist,8306->4832,62,62,0.00237758,61,28.096
Iterative BFS,adjmatrix,8306->4832,62,3133,0.462001,61,0
Recursive BFS,adjmatrix,8306->4832,62,3133,0.467365,61,0
Iterative DFS,adjmatrix,8306->4832,2596,7462,3.05402,2595,0
Recursive DFS,adjmatrix,8306->4832,2596,7462,3.05735,2595,0
Dijkstra,adjmatrix,8306->4832,70,2670,0.411817,69,18.233
A* (A star),adjmatrix,8306->4832,62,62,0.00937517,61,28.096
Iterative BFS,adjlist,242->6594,116,8870,1.19404,115,0
Recursive BFS,adjlist,242->6594,116,8870,1.3025,115,0
Iterative DFS,adjlist,242->6594,2564,2564,0.355162,2563,0
Recursive DFS,adjlist,242->6594,2564,2564,0.351124,2563,0
Dijkstra,adjlist,242->6594,120,8761,1.7695,119,33.504
A* (A star),adjlist,242->6594,116,116,0.00423935,115,50.243
Iterative BFS,adjmatrix,242->6594,116,8870,2.46054,115,0
Recursive BFS,adjmatrix,242->6594,116,8870,2.51957,115,0
Iterative DFS,adjmatrix,242->6594,1092,1092,0.188576,1091,0
Recursive DFS,adjmatrix,242->6594,1092,1092,0.183636,1091,0
Dijkstra,adjmatrix,242->6594,120,8761,2.8525,119,33.504
A* (A star),adjmatrix,242->6594,116,116,0.0183057,115,50.243
Iterative BFS,adjlist,3434->5876,67,6679,0.645438,66,0
Recursive BFS,adjlist,3434->5876,67,6679,0.672716,66,0
Iterative DFS,adjlist,3434->5876,2115,2115,0.210058,2114,0
Recursive DFS,adjlist,3434->5876,2115,2115,0.214516,2114,0
Dijkstra,adjlist,3434->5876,69,6542,0.63565,68,20.694
A* (A star),adjlist,3434->5876,67,67,0.00310171,66,33.432
Iterative BFS,adjmatrix,3434->5876,67,6690,1.64231,66,0
Recursive BFS,adjmatrix,3434->5876,67,6690,1.63409,66,0
Iterative DFS,adjmatrix,3434->5876,1429,8548,3.62607,1428,0
Recursive DFS,adjmatrix,3434->5876,1429,8548,3.55701,1428,0
Dijkstra,adjmatrix,3434->5876,69,6542,1.65595,68,20.694
A* (A star),adjmatrix,3434->5876,67,67,0.0107675,66,33.432
Iterative BFS,adjlist,5374->2033,75,7533,0.545543,74,0
Recursive BFS,adjlist,5374->2033,75,7533,0.596993,74,0
Iterative DFS,adjlist,5374->2033,2099,7803,1.29132,2098,0
Recursive DFS,adjlist,5374->2033,2099,7803,1.31464,2098,0
Dijkstra,adjlist,5374->2033,77,6532,0.675545,76,19.547
A* (A star),adjlist,5374->2033,75,75,0.00322648,74,33.34
Iterative BFS,adjmatrix,5374->2033,75,7494,1.72536,74,0
Recursive BFS,adjmatrix,5374->2033,75,7494,1.68787,74,0
Iterative DFS,adjmatrix,5374->2033,4105,6074,2.6047,4104,0
Recursive DFS,adjmatrix,5374->2033,4105,6074,2.56015,4104,0
Dijkstra,adjmatrix,5374->2033,77,6532,1.49264,76,19.547
A* (A star),adjmatrix,5374->2033,75,75,0.0116718,74,32.906
Iterative BFS,adjlist,2150->4317,56,4844,0.271205,55,0
Recursive BFS,adjlist,2150->4317,56,4844,0.292148,55,0
Iterative DFS,adjlist,2150->4317,1686,8176,1.02306,1685,0
Recursive DFS,adjlist,2150->4317,1686,8176,1.04881,1685,0
Dijkstra,adjlist,2150->4317,58,3585,0.173036,57,14.546
A* (A star),adjlist,2150->4317,56,56,0.00228981,55,22.821
Iterative BFS,adjmatrix,2150->4317,56,4861,0.952468,55,0
Recursive BFS,adjmatrix,2150->4317,56,4861,0.991854,55,0
Iterative DFS,adjmatrix,2150->4317,3512,3512,1.02697,3511,0
Recursive DFS,adjmatrix,2150->4317,3512,3512,0.993132,3511,0
Dijkstra,adjmatrix,2150->4317,58,3585,0.658965,57,14.546
A* (A star),adjmatrix,2150->4317,56,56,0.00869108,55,22.821
Iterative BFS,adjlist,9345->6809,62,4178,0.217854,61,0
Recursive BFS,adjlist,9345->6809,62,4178,0.23049,61,0
Iterative DFS,adjlist,9345->6809,1984,7190,0.955023,1983,0
Recursive DFS,adjlist,9345->6809,1984,7190,0.969504,1983,0
Dijkstra,adjlist,9345->6809,66,3975,0.2557,65,17.664
A* (A star),adjlist,9345->6809,62,62,0.00240613,61,26.317
Iterative BFS,adjmatrix,9345->6809,62,4241,0.760437,61,0
Recursive BFS,adjmatrix,9345->6809,62,4241,0.681209,61,0
Iterative DFS,adjmatrix,9345->6809,1662,8445,3.43218,1661,0
Recursive DFS,adjmatrix,9345->6809,1662,8445,3.45879,1661,0
Dijkstra,adjmatrix,9345->6809,66,3975,0.714847,65,17.664
A* (A star),adjmatrix,9345->6809,62,62,0.00986939,61,26.317
Iterative BFS,adjlist,2697->5973,58,3087,0.0720981,57,0
Recursive BFS,adjlist,2697->5973,58,3087,0.073577,57,0
Iterative DFS,adjlist,2697->5973,1302,1375,0.0724973,1301,0
Recursive DFS,adjlist,2697->5973,1302,1375,0.0748415,1301,0
Dijkstra,adjlist,2697->5973,64,2406,0.0841926,63,15.458
A* (A star),adjlist,2697->5973,58,58,0.00201102,57,24.866
Iterative BFS,adjmatrix,2697->5973,58,3087,0.509289,57,0
Recursive BFS,adjmatrix,2697->5973,58,3087,0.501294,57,0
Iterative DFS,adjmatrix,2697->5973,2170,2170,0.477141,2169,0
Recursive DFS,adjmatrix,2697->5973,2170,2170,0.471512,2169,0
Dijkstra,adjmatrix,2697->5973,64,2406,0.399505,63,15.458
A* (A star),adjmatrix,2697->5973,58,58,0.00853476,57,24.866
Iterative BFS,adjlist,9599->8402,109,6261,0.397325,108,0
Recursive BFS,adjlist,9599->8402,109,6261,0.425522,108,0
Iterative DFS,adjlist,9599->8402,4861,5138,1.43241,4860,0
Recursive DFS,adjlist,9599->8402,4861,5138,1.39406,4860,0
Dijkstra,adjlist,9599->8402,127,8229,1.12373,126,34.922
A* (A star),adjlist,9599->8402,109,109,0.00388516,108,50.145
Iterative BFS,adjmatrix,9599->8402,109,6344,1.20594,108,0
Recursive BFS,adjmatrix,9599->8402,109,6344,1.21875,108,0
Iterative DFS,adjmatrix,9599->8402,707,9306,3.90392,706,0
Recursive DFS,adjmatrix,9599->8402,707,9306,3.72934,706,0
Dijkstra,adjmatrix,9599->8402,127,8229,2.12091,126,34.922
A* (A star),adjmatrix,9599->8402,109,109,0.0162985,108,50.145
Iterative BFS,adjlist,8498->9218,89,5326,0.264538,88,0
Recursive BFS,adjlist,8498->9218,89,5326,0.280801,88,0
Iterative DFS,adjlist,8498->9218,4221,4235,0.931819,4220,0
Recursive DFS,adjlist,8498->9218,4221,4235,0.914521,4220,0
Dijkstra,adjlist,8498->9218,103,6351,0.750963,102,28.374
A* (A star),adjlist,8498->9218,89,89,0.00324046,88,41.823
Iterative BFS,adjmatrix,8498->9218,89,5403,0.992375,88,0
Recursive BFS,adjmatrix,8498->9218,89,5403,0.971577,88,0
Iterative DFS,adjmatrix,8498->9218,361,9651,3.79863,360,0
Recursive DFS,adjmatrix,8498->9218,361,9651,3.68833,360,0
Dijkstra,adjmatrix,8498->9218,103,6351,1.32479,102,28.374
A* (A star),adjmatrix,8498->9218,89,89,0.0132992,88,41.823
Iterative BFS,adjlist,5015->657,87,7588,0.702082,86,0
Recursive BFS,adjlist,5015->657,87,7588,0.769478,86,0
Iterative DFS,adjlist,5015->657,2079,2079,0.220213,2078,0
Recursive DFS,adjlist,5015->657,2079,2079,0.218804,2078,0
Dijkstra,adjlist,5015->657,93,6352,0.723123,92,23.074
A* (A star),adjlist,5015->657,87,87,0.00325804,86,36.893
Iterative BFS,adjmatrix,5015->657,87,7507,1.79891,86,0
Recursive BFS,adjmatrix,5015->657,87,7507,1.77607,86,0
Iterative DFS,adjmatrix,5015->657,4747,5401,2.21815,4746,0
Recursive DFS,adjmatrix,5015->657,4747,5401,2.18746,4746,0
Dijkstra,adjmatrix,5015->657,93,6352,1.5346,92,23.074
A* (A star),adjmatrix,5015->657,87,87,0.013023,86,36.893
Iterative BFS,adjlist,2795->8735,121,8906,0.536027,120,0
Recursive BFS,adjlist,2795->8735,121,8906,0.559495,120,0
Iterative DFS,adjlist,2795->8735,3149,3421,0.528363,3148,0
Recursive DFS,adjlist,2795->8735,3149,3421,0.532575,3148,0
Dijkstra,adjlist,2795->8735,121,8229,0.924108,120,32.978
A* (A star),adjlist,2795->8735,121,121,0.00430053,120,47.526
Iterative BFS,adjmatrix,2795->8735,121,8906,2.23701,120,0
Recursive BFS,adjmatrix,2795->8735,121,8906,2.23738,120,0
Iterative DFS,adjmatrix,2795->8735,951,952,0.171443,950,0
Recursive DFS,adjmatrix,2795->8735,951,952,0.149248,950,0
Dijkstra,adjmatrix,2795->8735,121,8229,2.03967,120,32.978
A* (A star),adjmatrix,2795->8735,121,121,0.017911,120,47.526
Iterative BFS,adjlist,4103->8870,115,8828,0.470195,114,0
Recursive BFS,adjlist,4103->8870,115,8828,0.487367,114,0
Iterative DFS,adjlist,4103->8870,3365,6387,1.98186,3364,0
Recursive DFS,adjlist,4103->8870,3365,6387,1.9576,3364,0
Dijkstra,adjlist,4103->8870,117,8470,0.85006,116,33.084
A* (A star),adjlist,4103->8870,115,115,0.00424417,114,46.988
Iterative BFS,adjmatrix,4103->8870,115,8828,2.18941,114,0
Recursive BFS,adjmatrix,4103->8870,115,8828,2.08809,114,0
Iterative DFS,adjmatrix,4103->8870,577,9377,3.60644,576,0
Recursive DFS,adjmatrix,4103->8870,577,9377,3.69493,576,0
Dijkstra,adjmatrix,4103->8870,117,8470,2.27895,116,33.084
A* (A star),adjmatrix,4103->8870,115,115,0.0169489,114,46.988
Iterative BFS,adjlist,106->4220,56,1907,0.0333965,55,0
Recursive BFS,adjlist,106->4220,56,1907,0.0340508,55,0
Iterative DFS,adjlist,106->4220,652,652,0.0179231,651,0
Recursive DFS,adjlist,106->4220,652,652,0.0173913,651,0
Dijkstra,adjlist,106->4220,58,1772,0.0471745,57,18.078
A* (A star),adjlist,106->4220,56,56,0.00188493,55,26.713
Iterative BFS,adjmatrix,106->4220,56,1907,0.280203,55,0
Recursive BFS,adjmatrix,106->4220,56,1907,0.259771,55,0
Iterative DFS,adjmatrix,106->4220,2746,6813,2.59957,2745,0
Recursive DFS,adjmatrix,106->4220,2746,6813,2.69496,2745,0
Dijkstra,adjmatrix,106->4220,58,1772,0.253656,57,18.078
A* (A star),adjmatrix,106->4220,56,56,0.00791892,55,26.713
Iterative BFS,adjlist,767->8487,98,7688,0.770199,97,0
Recursive BFS,adjlist,767->8487,98,7688,0.815896,97,0
Iterative DFS,adjlist,767->8487,934,934,0.0397072,933,0
Recursive DFS,adjlist,767->8487,934,934,0.0372561,933,0
Dijkstra,adjlist,767->8487,100,8054,1.2433,99,31.485
A* (A star),adjlist,767->8487,98,98,0.0040021,97,39.548
Iterative BFS,adjmatrix,767->8487,98,7688,1.91419,97,0
Recursive BFS,adjmatrix,767->8487,98,7688,1.94557,97,0
Iterative DFS,adjmatrix,767->8487,340,9584,3.85711,339,0
Recursive DFS,adjmatrix,767->8487,340,9584,3.75184,339,0
Dijkstra,adjmatrix,767->8487,100,8054,2.33078,99,31.485
A* (A star),adjmatrix,767->8487,98,98,0.0141994,97,39.548
Iterative BFS,adjlist,7512->9747,58,3601,0.137651,57,0
Recursive BFS,adjlist,7512->9747,58,3601,0.142133,57,0
Iterative DFS,adjlist,7512->9747,1792,7096,1.73176,1791,0
Recursive DFS,adjlist,7512->9747,1792,7096,1.80731,1791,0
Dijkstra,adjlist,7512->9747,58,3287,0.131867,57,18.064
A* (A star),adjlist,7512->9747,58,58,0.00218757,57,25.263
Iterative BFS,adjmatrix,7512->9747,58,3637,0.610831,57,0
Recursive BFS,adjmatrix,7512->9747,58,3637,0.570124,57,0
Iterative DFS,adjmatrix,7512->9747,168,168,0.0220538,167,0
Recursive DFS,adjmatrix,7512->9747,168,168,0.0203754,167,0
Dijkstra,adjmatrix,7512->9747,58,3287,0.51304,57,18.064
A* (A star),adjmatrix,7512->9747,58,58,0.00850301,57,25.263
Iterative BFS,adjlist,6625->7407,27,1313,0.0179226,26,0
Recursive BFS,adjlist,6625->7407,27,1313,0.0181706,26,0
Iterative DFS,adjlist,6625->7407,1005,8238,1.30993,1004,0
Recursive DFS,adjlist,6625->7407,1005,8238,1.3786,1004,0
Dijkstra,adjlist,6625->7407,27,1619,0.0369831,26,9.154
A* (A star),adjlist,6625->7407,27,27,0.00145794,26,9.166
Iterative BFS,adjmatrix,6625->7407,27,1357,0.176883,26,0
Recursive BFS,adjmatrix,6625->7407,27,1357,0.170792,26,0
Iterative DFS,adjmatrix,6625->7407,1705,8325,3.07764,1704,0
Recursive DFS,adjmatrix,6625->7407,1705,8325,3.15607,1704,0
Dijkstra,adjmatrix,6625->7407,27,1619,0.224054,26,9.154
A* (A star),adjmatrix,6625->7407,27,27,0.00420363,26,9.166
Iterative BFS,adjlist,423->1878,70,4075,0.198513,69,0
Recursive BFS,adjlist,423->1878,70,4075,0.209532,69,0
Iterative DFS,adjlist,423->1878,2652,5014,1.14205,2651,0
Recursive DFS,adjlist,423->1878,2652,5014,1.11735,2651,0
Dijkstra,adjlist,423->1878,76,4277,0.224364,75,22.229
A* (A star),adjlist,423->1878,70,70,0.00261359,69,34.52
Iterative BFS,adjmatrix,423->1878,70,4075,0.701797,69,0
Recursive BFS,adjmatrix,423->1878,70,4075,0.715508,69,0
Iterative DFS,adjmatrix,423->1878,3232,6755,2.612,3231,0
Recursive DFS,adjmatrix,423->1878,3232,6755,2.62106,3231,0
Dijkstra,adjmatrix,423->1878,76,4277,0.759565,75,22.229
A* (A star),adjmatrix,423->1878,70,70,0.00974031,69,34.52
Iterative BFS,adjlist,3048->7068,61,6168,0.464656,60,0
Recursive BFS,adjlist,3048->7068,61,6168,0.50661,60,0
Iterative DFS,adjlist,3048->7068,971,971,0.0407862,970,0
Recursive DFS,adjlist,3048->7068,971,971,0.038311,970,0
Dijkstra,adjlist,3048->7068,65,6327,0.617302,64,18.528
A* (A star),adjlist,3048->7068,61,61,0.00309697,60,27.378
Iterative BFS,adjmatrix,3048->7068,61,6168,1.37533,60,0
Recursive BFS,adjmatrix,3048->7068,61,6168,1.38734,60,0
Iterative DFS,adjmatrix,3048->7068,819,9142,3.74039,818,0
Recursive DFS,adjmatrix,3048->7068,819,9142,3.6768,818,0
Dijkstra,adjmatrix,3048->7068,65,6327,1.48511,64,18.528
A* (A star),adjmatrix,3048->7068,61,61,0.0100301,60,27.378
Iterative BFS,adjlist,7651->9126,41,2895,0.0830356,40,0
Recursive BFS,adjlist,7651->9126,41,2895,0.0853623,40,0
Iterative DFS,adjlist,7651->9126,1385,8524,1.10122,1384,0
Recursive DFS,adjlist,7651->9126,1385,8524,1.12445,1384,0
Dijkstra,adjlist,7651->9126,41,2675,0.108139,40,11.663
A* (A star),adjlist,7651->9126,41,41,0.00195349,40,15.721
Iterative BFS,adjmatrix,7651->9126,41,2960,0.481907,40,0
Recursive BFS,adjmatrix,7651->9126,41,2960,0.45782,40,0
Iterative DFS,adjmatrix,7651->9126,955,955,0.147269,954,0
Recursive DFS,adjmatrix,7651->9126,955,955,0.148906,954,0
Dijkstra,adjmatrix,7651->9126,41,2675,0.429493,40,11.663
A* (A star),adjmatrix,7651->9126,41,41,0.00640009,40,15.721
Iterative BFS,adjlist,759->5841,70,5069,0.312288,69,0
Recursive BFS,adjlist,759->5841,70,5069,0.328477,69,0
Iterative DFS,adjlist,759->5841,962,4854,0.443363,961,0
Recursive DFS,adjlist,759->5841,962,4854,0.439616,961,0
Dijkstra,adjlist,759->5841,72,4873,0.379215,71,20.574
A* (A star),adjlist,759->5841,70,70,0.00307277,69,35.513
Iterative BFS,adjmatrix,759->5841,70,5069,1.12609,69,0
Recursive BFS,adjmatrix,759->5841,70,5069,1.0164,69,0
Iterative DFS,adjmatrix,759->5841,3296,6750,2.8683,3295,0
Recursive DFS,adjmatrix,759->5841,3296,6750,2.82201,3295,0
Dijkstra,adjmatrix,759->5841,72,4874,1.06869,71,20.574
A* (A star),adjmatrix,759->5841,70,70,0.0106354,69,35.513
Iterative BFS,adjlist,2455->4244,30,1645,0.0263615,29,0
Recursive BFS,adjlist,2455->4244,30,1645,0.0263783,29,0
Iterative DFS,adjlist,2455->4244,592,9251,1.11469,591,0
Recursive DFS,adjlist,2455->4244,592,9251,1.14017,591,0
Dijkstra,adjlist,2455->4244,30,1938,0.0525885,29,10.07
A* (A star),adjlist,2455->4244,30,30,0.00169971,29,13.467
Iterative BFS,adjmatrix,2455->4244,30,1676,0.23136,29,0
Recursive BFS,adjmatrix,2455->4244,30,1676,0.229475,29,0
Iterative DFS,adjmatrix,2455->4244,3424,6639,2.62384,3423,0
Recursive DFS,adjmatrix,2455->4244,3424,6639,2.69084,3423,0
Dijkstra,adjmatrix,2455->4244,30,1938,0.294508,29,10.07
A* (A star),adjmatrix,2455->4244,30,30,0.00508874,29,13.467
Iterative BFS,adjlist,1495->4400,35,1240,0.0132394,34,0
Recursive BFS,adjlist,1495->4400,35,1240,0.0125235,34,0
Iterative DFS,adjlist,1495->4400,175,261,0.00400345,174,0
Recursive DFS,adjlist,1495->4400,175,261,0.00395454,174,0
Dijkstra,adjlist,1495->4400,49,1445,0.0258604,48,12.205
A* (A star),adjlist,1495->4400,35,35,0.00161445,34,14.451
Iterative BFS,adjmatrix,1495->4400,35,1240,0.163005,34,0
Recursive BFS,adjmatrix,1495->4400,35,1240,0.164273,34,0
Iterative DFS,adjmatrix,1495->4400,231,231,0.0340512,230,0
Recursive DFS,adjmatrix,1495->4400,231,231,0.0298414,230,0
Dijkstra,adjmatrix,1495->4400,49,1445,0.209625,48,12.205
A* (A star),adjmatrix,1495->4400,35,35,0.00551992,34,14.451
Iterative BFS,adjlist,3554->9699,107,9921,1.22422,106,0
Recursive BFS,adjlist,3554->9699,107,9921,1.25599,106,0
Iterative DFS,adjlist,3554->9699,2163,2455,0.280668,2162,0
Recursive DFS,adjlist,3554->9699,2163,2455,0.288853,2162,0
Dijkstra,adjlist,3554->9699,111,9935,1.47133,110,31.317
A* (A star),adjlist,3554->9699,107,107,0.00462594,106,46.911
Iterative BFS,adjmatrix,3554->9699,107,9921,3.13996,106,0
Recursive BFS,adjmatrix,3554->9699,107,9921,3.09333,106,0
Iterative DFS,adjmatrix,3554->9699,115,9825,3.59516,114,0
Recursive DFS,adjmatrix,3554->9699,115,9825,3.62107,114,0
Dijkstra,adjmatrix,3554->9699,111,9935,3.34942,110,31.317
A* (A star),adjmatrix,3554->9699,107,107,0.0176532,106,46.911
Iterative BFS,adjlist,1494->4142,80,4740,0.204091,79,0
Recursive BFS,adjlist,1494->4142,80,4740,0.213409,79,0
Iterative DFS,adjlist,1494->4142,2686,3071,0.352364,2685,0
Recursive DFS,adjlist,1494->4142,2686,3071,0.363099,2685,0
Dijkstra,adjlist,1494->4142,90,4607,0.344472,89,24.288
A* (A star),adjlist,1494->4142,80,80,0.00274035,79,36.293
Iterative BFS,adjmatrix,1494->4142,80,4740,0.884366,79,0
Recursive BFS,adjmatrix,1494->4142,80,4740,0.919368,79,0
Iterative DFS,adjmatrix,1494->4142,3124,3124,0.885122,3123,0
Recursive DFS,adjmatrix,1494->4142,3124,3124,0.836811,3123,0
Dijkstra,adjmatrix,1494->4142,90,4607,0.925748,89,24.288
A* (A star),adjmatrix,1494->4142,80,80,0.0119207,79,36.293
Iterative BFS,adjlist,4880->1891,42,2982,0.0910119,41,0
Recursive BFS,adjlist,4880->1891,42,2982,0.0978631,41,0
Iterative DFS,adjlist,4880->1891,474,1536,0.0757242,473,0
Recursive DFS,adjlist,4880->1891,474,1536,0.074746,473,0
Dijkstra,adjlist,4880->1891,44,2795,0.116206,43,13.102
A* (A star),adjlist,4880->1891,42,42,0.00202086,41,18.712
Iterative BFS,adjmatrix,4880->1891,42,2904,0.458584,41,0
Recursive BFS,adjmatrix,4880->1891,42,2904,0.455342,41,0
Iterative DFS,adjmatrix,4880->1891,4080,6031,2.3614,4079,0
Recursive DFS,adjmatrix,4880->1891,4080,6031,2.4294,4079,0
Dijkstra,adjmatrix,4880->1891,44,2796,0.466004,43,13.102
A* (A star),adjmatrix,4880->1891,42,42,0.00669952,41,18.712
Iterative BFS,adjlist,9190->4493,51,2230,0.0415123,50,0
Recursive BFS,adjlist,9190->4493,51,2230,0.0425164,50,0
Iterative DFS,adjlist,9190->4493,139,9772,2.07158,138,0
Recursive DFS,adjlist,9190->4493,139,9772,2.0994,138,0
Dijkstra,adjlist,9190->4493,65,2511,0.103668,64,16.27
A* (A star),adjlist,9190->4493,51,51,0.00207901,50,21.301
Iterative BFS,adjmatrix,9190->4493,51,2171,0.296696,50,0
Recursive BFS,adjmatrix,9190->4493,51,2171,0.29439,50,0
Iterative DFS,adjmatrix,9190->4493,2691,7409,3.09091,2690,0
Recursive DFS,adjmatrix,9190->4493,2691,7409,3.08378,2690,0
Dijkstra,adjmatrix,9190->4493,65,2511,0.369535,64,16.27
A* (A star),adjmatrix,9190->4493,51,51,0.00775204,50,21.301
Iterative BFS,adjlist,247->6657,75,5178,0.358455,74,0
Recursive BFS,adjlist,247->6657,75,5178,0.390234,74,0
Iterative DFS,adjlist,247->6657,475,475,0.0116785,474,0
Recursive DFS,adjlist,247->6657,475,475,0.010127,474,0
Dijkstra,adjlist,247->6657,89,5966,0.567489,88,25.384
A* (A star),adjlist,247->6657,75,75,0.00321078,74,35.221
Iterative BFS,adjmatrix,247->6657,75,5178,1.08765,74,0
Recursive BFS,adjmatrix,247->6657,75,5178,1.08366,74,0
Iterative DFS,adjmatrix,247->6657,957,8980,3.40128,956,0
Recursive DFS,adjmatrix,247->6657,957,8980,3.44623,956,0
Dijkstra,adjmatrix,247->6657,89,5966,1.43044,88,25.384
A* (A star),adjmatrix,247->6657,75,75,0.0121873,74,35.221
